<?xml version="1.0" encoding="UTF-8"?>
<xsl:stylesheet version="1.0" xmlns:xsl="http://www.w3.org/1999/XSL/Transform">

<xsl:template match="/">
  <html>
  <body>
    <h2>Strom</h2>
    <table border="1">
      <tr bgcolor="#9acd32">
        <th>pet</th>
        <th>breed</th>
        <th>price</th>
        <th>availability</th>
      </tr>
      <xsl:for-each select="pet_store/pet">
      <xsl:sort select="price"/>
      <tr>
        <td><xsl:value-of select="pet"/></td>
        <td><xsl:value-of select="breed"/></td>
        <td><xsl:value-of select="price"/></td>
        <td><xsl:value-of select="availability"/></td>
      </tr>
      </xsl:for-each>
    </table>
  </body>
  </html>
</xsl:template>

</xsl:stylesheet>